Year,Location,D,G,Gold,Silver,Bronze
2007,Erlangen 30 - 31 March 2007,B,M,Mykhaylo Shalagin 4t5 4b5,Kilian Fischhuber 3t4 3b4,Jonas Baumann 3t5 4b4
2007,Erlangen 30 - 31 March 2007,B,W,Olga Shalagina 4t6 4b6,Juliette Danion 4t11 4b11,Chloé Graftiaux 2t2 3b3
2007,Sofia 20 - 22 April 2007,B,M,Tomás Mrázek 4t7 4b6,Dmitrii Sharafutdinov 3t4 4b7,Kilian Fischhuber 3t5 4b9
2007,Sofia 20 - 22 April 2007,B,W,Yulia Abramchuk 2t4 4b9,Akiyo Noguchi 2t4 3b4,Tatiana Shemulinkina 2t4 3b5
2007,Hall 27 - 28 April 2007,B,M,Kilian Fischhuber 4t8 4b5,Jorg Verhoeven 4t9 4b5,Akito Matsushima 2t7 2b4
2007,Hall 27 - 28 April 2007,B,W,Olga Shalagina 3t4 3b3,Natalija Gros 3t4 3b3,Alexandra Eyer 3t6 4b8
2007,La Reunion 4 - 5 May 2007,B,M,Andrew Earl 4t8 4b8,Jérôme Meyer 3t3 3b3,Daniel DU LAC 3t4 4b4
2007,La Reunion 4 - 5 May 2007,B,W,Juliette Danion 4t4 4b4,Chloé Graftiaux 2t2 3b3,Silvie Rajfova 1t1 3b6
2007,Grindelwald 8 - 9 June 2007,B,M,Kilian Fischhuber 4t6 4b5,Akito Matsushima 3t6 4b6,Nalle Hukkataival 3t6 4b7
2007,Grindelwald 8 - 9 June 2007,B,W,Natalija Gros 2t2 4b5,Akiyo Noguchi 2t5 4b5,Katharina Saurwein 2t8 4b9
2007,Fiera di Primiero 22 - 23 June 2007,B,M,Dmitrii Sharafutdinov 3t11 4b8,Gabriele Moroni 2t6 4b5,Akito Matsushima 2t9 2b2
2007,Fiera di Primiero 22 - 23 June 2007,B,W,Natalija Gros 2t7 3b3,Olga Shalagina 1t1 2b2,Akiyo Noguchi 1t2 3b3
2007,Brno 9 - 10 November 2007,B,M,Dmitrii Sharafutdinov 3t9 3b5,Kilian Fischhuber 2t4 2b2,Stephane Julien 1t1 2b2
2007,Brno 9 - 10 November 2007,B,W,Juliette Danion 4t6 4b4,Anna Stöhr 4t7 4b4,Olga Shalagina 1t3 4b4
2008,Hall 18–19 April 2008,B,M,Kilian Fischhuber 3t5 3b5,Dmitrii Sharafutdinov 2t2 2b2,Daniel Woods 2t4 3b4
2008,Hall 18–19 April 2008,B,W,Anna Stöhr 3t3 4b8,Yulia Abramchuk 3t8 4b9,Angelica Lind 2t2 4b5
2008,Réunion 2–3 May 2008,B,M,David Lama 4t9 4b5,Kilian Fischhuber 4t9 4b9,Jorg Verhoeven 4t9 4b9
2008,Réunion 2–3 May 2008,B,W,Anna Stöhr 4t6 4b5,Akiyo Noguchi 4t10 4b8,Yulia Abramchuk 3t5 4b8
2008,Grindelwald 30–31 May 2008,B,M,Dmitrii Sharafutdinov 2t5 4b9,Kilian Fischhuber 2t6 3b6,David Lama 1t1 3b3
2008,Grindelwald 30–31 May 2008,B,W,Anna Stöhr 3t11 4b8,Charlotte Durif 1t1 4b8,Akiyo Noguchi 1t2 4b14
2008,Vail 6–7 June 2008,B,M,Kilian Fischhuber 2t2 4b4,Gabriele Moroni 2t2 4b5,Paul Robinson 1t1 4b5
2008,Vail 6–7 June 2008,B,W,Alex Johnson 2t5 4b7,Katharina Saurwein 2t7 4b8,Anna Stöhr 2t7 4b10
2008,Fiera di Primiero 13–14 June 2008,B,M,David Lama 3t3 4b6,Kilian Fischhuber 3t5 3b3,Sean McColl 3t7 4b6
2008,Fiera di Primiero 13–14 June 2008,B,W,Anna Stöhr 4t5 4b4,Katja Vidmar 3t4 4b5,Yulia Abramchuk 2t3 3b3
2008,Montauban 4–5 July 2008,B,M,Dmitrii Sharafutdinov 3t4 4b5,Rustam Gelmanov 2t2 4b4,David Lama 2t4 4b7
2008,Montauban 4–5 July 2008,B,W,Akiyo Noguchi 4t5 4b5,Yulia Abramchuk 4t6 4b5,Natalija Gros 3t4 3b4
2008,Moscow 31 October - 2 November 2008,B,M,Rustam Gelmanov 4t5 4b4,Kilian Fischhuber 3t3 3b3,Stanislav Kleshnov 2t2 4b4
2008,Moscow 31 October - 2 November 2008,B,W,Katharina Saurwein 4t4 4b4,Natalija Gros Katja Vidmar 4t4 4b4,–
2009,Kazo 11 - 12 April 2009,B,M,Stephane Julien 2t2 3b3,Tatsuya Muraoka 1t1 2b6,Rustam Gelmanov 1t2 2b2
2009,Kazo 11 - 12 April 2009,B,W,Akiyo Noguchi 2t4 3b6,Jain Kim 2t5 3b6,Anna Stöhr 2t6 2b4
2009,Hall 1 - 2 May 2009,B,M,Kilian Fischhuber 2t2 3b3,Gabriele Moroni 2t3 3b6,Adam Ondra 2t6 4b8
2009,Hall 1 - 2 May 2009,B,W,Akiyo Noguchi Anna Stöhr 1t1 1b1 (super final) 4t4 4b4 (final),–,Yulia Abramchuk 4t8 4b7
2009,Wien 29 - 30 May 2009,B,M,Rustam Gelmanov 4t5 4b5,Sean McColl 3t4 4b6,Kilian Fischhuber 3t4 3b4
2009,Wien 29 - 30 May 2009,B,W,Alexandra Balakireva 3t4 4b4,Akiyo Noguchi 3t6 4b5,Anna Stöhr 3t7 4b8
2009,Vail 5 - 6 June 2009,B,M,Jonas Baumann 4t5 4b4,Daniel Woods 4t6 4b5,Kilian Fischhuber 3t4 4b5
2009,Vail 5 - 6 June 2009,B,W,Alex Puccio 4t6 4b6,Alex Johnson 3t3 4b4,Akiyo Noguchi 2t2 4b7
2009,Eindhoven 12 - 13 June 2009,B,M,Kilian Fischhuber 4t8 4b7,Gabriele Moroni 2t2 2b2,Stephane Julien 2t2 2b2
2009,Eindhoven 12 - 13 June 2009,B,W,Akiyo Noguchi 3t4 4b6,Natalija Gros 3t5 4b8,Olga Shalagina 2t2 4b6
2010,Greifensee 14–15 May 2010,B,M,Kilian Fischhuber 4t6 4b6,Adam Ondra 4t6 4b6,Christian Core 1t1 2b4
2010,Greifensee 14–15 May 2010,B,W,Alex Johnson 1t1 4b6,Akiyo Noguchi 1t1 4b7,Chloé Graftiaux 1t2 4b5
2010,Wien 28–30 May 2010,B,M,Kilian Fischhuber 2t2 3b3,Adam Ondra 1t1 3b3,Alexey Rubtsov 1t5 3b8
2010,Wien 28–30 May 2010,B,W,Akiyo Noguchi 2t2 3b5,Momoka Oda 2t3 2b3,Jain Kim 2t4 2b2
2010,Vail 4–5 June 2010,B,M,Daniel Woods 2t4 4b11,Tsukuru Hori 1t1 3b5,Kilian Fischhuber 1t1 3b6
2010,Vail 4–5 June 2010,B,W,Chloé Graftiaux 3t3 4b4,Anna Stöhr 3t4 4b5,Juliane Wurm 3t5 4b5
2010,Moscow 17–21 June 2010,B,M,Adam Ondra 2t4 4b5,Tsukuru Hori 1t1 4b4,Kilian Fischhuber 1t2 4b4
2010,Moscow 17–21 June 2010,B,W,Anna Stöhr 2t2 3b3,Chloé Graftiaux 2t2 2b2,Jain Kim 2t4 3b6
2010,Eindhoven 25–26 June 2010,B,M,Dmitrii Sharafutdinov 3t4 4b4,Sean McColl 3t5 4b4,Kilian Fischhuber 3t7 4b4
2010,Eindhoven 25–26 June 2010,B,W,Anna Stöhr 2t2 3b3,Juliane Wurm 2t5 3b8,Melissa Le Neve 2t6 3b7
2010,Sheffield 3–4 July 2010,B,M,Adam Ondra 4t6 4b6,Cédric Lachat 4t12 4b9,Mykhaylo Shalagin 2t2 3b3
2010,Sheffield 3–4 July 2010,B,W,Chloé Graftiaux 4t7 4b7,Alex Johnson 4t8 4b8,Akiyo Noguchi 4t9 4b9
2010,Munich 30–31 July 2010,B,M,Adam Ondra 3t3 4b4,Dmitrii Sharafutdinov 2t3 4b5,Victor Kozlov 2t3 3b4
2010,Munich 30–31 July 2010,B,W,Akiyo Noguchi 1t1 4b8,Anna Stöhr 1t2 4b7,Anna Gallyamova 0t 3b3
2011,Milano 14–17 April 2011,B,M,Kilian Fischhuber 4t9 4b5,Jakob Schubert 3t3 3b3,Rustam Gelmanov 3t6 3b6
2011,Milano 14–17 April 2011,B,W,Jain Kim 3t5 3b4,Anna Stöhr 2t4 4b7,Melissa Le Neve 2t4 4b9
2011,Log-Dragomer 7–8 May 2011,B,M,Guillaume Glairon Mondet 3t3 4b6,Dmitrii Sharafutdinov 3t6 4b9,Kilian Fischhuber 2t3 4b6
2011,Log-Dragomer 7–8 May 2011,B,W,Anna Stöhr 2t3 4b6,Akiyo Noguchi 2t6 3b6,Alex Puccio 1t3 3b6
2011,Vienna 13–14 May 2011,B,M,Dmitrii Sharafutdinov 1t4 4b7,Klemen Becan 1t5 4b12,Lukas Ennemoser 0t 3b9
2011,Vienna 13–14 May 2011,B,W,Anna Stöhr 4t13 4b4,Alex Puccio 2t2 3b3,Olga Shalagina 1t1 3b3
2011,Canmore 27–28 May 2011,B,M,Tsukuru Hori 2t3 4b9,Klemen Becan 2t5 4b9,Sean McColl 1t2 3b5
2011,Canmore 27–28 May 2011,B,W,Akiyo Noguchi 4t9 4b7,Anna Stöhr 4t10 4b6,Jain Kim 3t12 4b14
2011,Vail 3–4 June 2011,B,M,Kilian Fischhuber 4t4 4b4,Dmitrii Sharafutdinov 4t5 4b5,Jonas Baumann 2t4 4b6
2011,Vail 3–4 June 2011,B,W,Anna Stöhr 4t7 4b7,Alex Puccio 3t3 3b3,Melissa Le Neve 3t8 4b9
2011,Eindhoven 17–18 June 2011,B,M,Kilian Fischhuber 4t5 4b4,Daniel Woods 4t6 4b5,Francois Kaiser 3t5 4b4
2011,Eindhoven 17–18 June 2011,B,W,Akiyo Noguchi 4t6 4b5,Anna Stöhr 4t8 4b7,Melissa Le Neve 3t6 4b6
2011,Barcelona 25–26 June 2011,B,M,Guillaume Glairon Mondet 2t2 4b4,Rustam Gelmanov 2t2 3b3,Dmitrii Sharafutdinov 2t5 4b8
2011,Barcelona 25–26 June 2011,B,W,Akiyo Noguchi 4t8 4b4,Alex Puccio 2t4 3b3,Melissa Le Neve 2t4 3b3
2011,Sheffield 2–3 July 2011,B,M,Kilian Fischhuber 2t3 3b4,Cédric Lachat 2t5 4b9,Alexey Rubtsov 2t13 4b13
2011,Sheffield 2–3 July 2011,B,W,Akiyo Noguchi 2t2 4b4,Melissa Le Neve 2t3 3b5,Alex Puccio 2t7 4b11
2011,Munich 19–20 August 2011,B,M,Dmitrii Sharafutdinov 4t4 4b4,Rustam Gelmanov 4t7 4b6,Alexey Rubtsov 2t4 4b6
2011,Munich 19–20 August 2011,B,W,Mina Markovic 3t7 3b7,Juliane Wurm 2t4 3b3,Anna Stöhr 1t1 3b3
2012,Chongqing 13 - 14 April 2012,B,M,Jakob Schubert 2t2 3b6,Guillaume Glairon Mondet 2t5 4b4,Rustam Gelmanov 1t3 4b4
2012,Chongqing 13 - 14 April 2012,B,W,Akiyo Noguchi 2t2 2b2,Anna Stöhr 2t6 3b5,Jain Kim 1t2 3b4
2012,Log-Dragomer 21 - 22 April 2012,B,M,Rustam Gelmanov 3t4 4b5,Kilian Fischhuber 3t6 4b7,Thomas Tauporn 3t9 4b7
2012,Log-Dragomer 21 - 22 April 2012,B,W,Mina Markovic 4t8 4b7,Shauna Coxsey 2t2 4b4,Anna Stöhr 2t3 4b4
2012,Vienna 27 - 28 April 2012,B,M,Rustam Gelmanov 4t7 4b4,Dmitrii Sharafutdinov 3t4 4b4,Kilian Fischhuber 3t5 4b4
2012,Vienna 27 - 28 April 2012,B,W,Akiyo Noguchi 4t6 4b4,Mina Markovic 3t5 4b4,Alex Puccio 2t2 3b4
2012,Innsbruck 18 - 19 May 2012,B,M,Kilian Fischhuber 2t5 4b8,Rustam Gelmanov 1t1 3b4,Sean McColl 0t 4b4
2012,Innsbruck 18 - 19 May 2012,B,W,Anna Stöhr 4t7 4b6,Shauna Coxsey 4t8 4b7,Melissa Le Neve 3t4 3b4
2012,Vail 1 - 2 June 2012,B,M,Kilian Fischhuber 4t7 4b7,Sean McColl 4t9 4b9,Jan Hojer 3t3 3b3
2012,Vail 1 - 2 June 2012,B,W,Anna Stöhr 4t14 4b11,Shauna Coxsey 3t4 4b5,Juliane Wurm 3t4 3b3
2012,Munich 25 - 26 August 2012,B,M,Dmitrii Sharafutdinov 4t10 4b9,Sean McColl 4t10 4b10,Jakob Schubert 3t10 4b17
2012,Munich 25 - 26 August 2012,B,W,Akiyo Noguchi 4t4 4b4,Anna Stöhr 4t5 4b5,Juliane Wurm 4t6 4b5
2013,Chongqing 22–23 March 2013,B,M,Dmitrii Sharafutdinov 4t9 4b9,Jakob Schubert 3t5 3b5,Tsukuru Hori 3t6 3b6
2013,Chongqing 22–23 March 2013,B,W,Anna Stöhr 3t5 4b6,Momoka Oda 2t3 3b3,Alex Puccio 2t3 3b4
2013,Millau 5–6 April 2013,B,M,Kilian Fischhuber 3t9 3b5,Guillaume Glairon Mondet 1t1 4b10,Jorg Verhoeven 1t1 3b4
2013,Millau 5–6 April 2013,B,W,Anna Stöhr 4t13 4b13,Shauna Coxsey 4t14 4b13,Akiyo Noguchi 3t7 4b9
2013,Kitzbühel 26–27 April 2013,B,M,Jakob Schubert 2t7 4b9,Guillaume Glairon Mondet 1t2 2b2,Dmitrii Sharafutdinov 1t3 3b3
2013,Kitzbühel 26–27 April 2013,B,W,Anna Stöhr 4t4 4b4,Akiyo Noguchi 4t4 4b4,Alex Puccio 4t6 4b6
2013,Log-Dragomer 11–12 May 2013,B,M,Sean McColl 3t5 4b9,Jan Hojer 2t8 3b9,Dmitrii Sharafutdinov 2t10 3b8
2013,Log-Dragomer 11–12 May 2013,B,W,Anna Stöhr 3t6 4b5,Melissa Le Neve 3t6 4b7,Shauna Coxsey 2t3 4b4
2013,Innsbruck 17–18 May 2013,B,M,Jan Hojer 4t6 4b6,Dmitrii Sharafutdinov 4t7 4b7,Kilian Fischhuber 3t3 3b3
2013,Innsbruck 17–18 May 2013,B,W,Juliane Wurm 4t5 4b4,Anna Stöhr 4t6 4b5,Akiyo Noguchi 3t9 4b10
2013,Toronto 1–2 June 2013,B,M,Kilian Fischhuber 3t5 4b5,Jorg Verhoeven 3t5 3b5,Jakob Schubert 2t2 3b4
2013,Toronto 1–2 June 2013,B,W,Anna Stöhr 4t10 4b10,Akiyo Noguchi 3t4 4b5,Alex Puccio 3t5 4b4
2013,Vail 7–8 June 2013,B,M,Dmitrii Sharafutdinov 3t5 4b6,Rustam Gelmanov 3t7 4b5,Jorg Verhoeven 1t1 3b3
2013,Vail 7–8 June 2013,B,W,Anna Stöhr 4t9 4b7,Akiyo Noguchi 4t9 4b9,Alex Puccio 4t9 4b9
2013,Munich 24–25 August 2013,B,M,Rei Sugimoto 3t11 3b8,Thomas Tauporn 2t4 2b4,Rustam Gelmanov 2t5 3b6
2013,Munich 24–25 August 2013,B,W,Anna Stöhr 4t9 4b7,Alex Puccio 3t5 4b5,Shauna Coxsey 2t5 3b6
2014,Chongqing 26 - 27 April,B,M,Jan Hojer 4t26 4b24,Dmitrii Sharafutdinov 3t5 3b5,Jorg Verhoeven 2t9 2b9
2014,Chongqing 26 - 27 April,B,W,Juliane Wurm 3t6 3b6,Shauna Coxsey 3t7 4b10,Akiyo Noguchi 3t12 4b13
2014,Baku 3 - 4 May,B,M,Dmitrii Sharafutdinov 3t3 4b4,Jan Hojer 2t2 4b5,Rustam Gelmanov 2t2 3b3
2014,Baku 3 - 4 May,B,W,Anna Stöhr 4t4 4b4,Akiyo Noguchi 4t5 4b4,Shauna Coxsey 4t5 4b5
2014,Grindelwald 10 - 11 May,B,M,Jan Hojer 3t7 3b7,Dmitrii Sharafutdinov 3t10 4b14,Kilian Fischhuber 2t7 2b7
2014,Grindelwald 10 - 11 May,B,W,Shauna Coxsey 4t10 4b10,Anna Stöhr 4t12 4b8,Juliane Wurm 3t11 3b7
2014,Innsbruck 16 - 17 May,B,M,Kilian Fischhuber 4t7 4b6,Adam Ondra 4t8 4b6,Rustam Gelmanov 4t14 4b14
2014,Innsbruck 16 - 17 May,B,W,Shauna Coxsey 3t11 3b10,Anna Stöhr 2t6 3b5,Akiyo Noguchi 1t1 2b4
2014,Toronto 31 May - 1 June,B,M,Guillaume Glairon Mondet 3t8 4b16,Jan Hojer 3t9 4b8,Sean McColl 2t2 4b9
2014,Toronto 31 May - 1 June,B,W,Akiyo Noguchi 4t5 4b5,Shauna Coxsey 4t7 4b7,Alex Puccio 4t11 4b11
2014,Vail 6 - 7 June,B,M,Dmitrii Sharafutdinov 4t8 4b5,Guillaume Glairon Mondet 3t6 4b6,Sean McColl 3t12 4b10
2014,Vail 6 - 7 June,B,W,Akiyo Noguchi 4t5 4b5,Fanny Gibert 2t3 4b8,Anna Stöhr 2t5 4b6
2014,Haiyang 20 - 22 June,B,M,Jan Hojer 3t7 4b8,Sean McColl 2t5 3b6,Guillaume Glairon Mondet 0t 2b4
2014,Haiyang 20 - 22 June,B,W,Akiyo Noguchi 2t2 4b6,Shauna Coxsey 2t5 3b5,Anna Stöhr 1t3 2b6
2014,Laval 27 - 28 June,B,M,Rustam Gelmanov 4t8 4b8,Guillaume Glairon Mondet 3t6 3b5,Jeremy Bonder 2t4 2b2
2014,Laval 27 - 28 June,B,W,Akiyo Noguchi 3t4 4b7,Miho Nonaka 3t6 4b10,Juliane Wurm 3t7 4b7
2015,Toronto (30 - 31 May 2015),B,M,Alban Levier 3t6 4b5,Nathaniel Coleman 3t9 4b8,Adam Ondra 2t3 3b3
2015,Toronto (30 - 31 May 2015),B,W,Anna Stöhr 3t6 4b5,Akiyo Noguchi 3t7 4b7,Juliane Wurm 2t2 4b5
2015,Vail (5 - 6 June 2015),B,M,Jan Hojer 3t4 4b4,Nathaniel Coleman 3t4 4b6,Adam Ondra 3t12 4b12
2015,Vail (5 - 6 June 2015),B,W,Megan Mascarenas 3t4 4b5,Akiyo Noguchi 2t4 3b6,Shauna Coxsey 2t4 3b7
2015,Chongqing (20 - 21 June 2015),B,M,Sean McColl 4t12 4b9,Jongwon Chon 3t5 3b3,Tsukuru Hori 3t8 3b8
2015,Chongqing (20 - 21 June 2015),B,W,Akiyo Noguchi 4t5 4b5,Miho Nonaka 3t5 4b4,Shauna Coxsey 3t6 3b5
2015,Haiyang (26 - 27 June 2015),B,M,Jongwon Chon 2t3 2b2,Rustam Gelmanov 2t7 2b6,Alban Levier 1t1 2b2
2015,Haiyang (26 - 27 June 2015),B,W,Petra Klingler 3t3 4b10,Akiyo Noguchi 3t4 4b5,Shauna Coxsey 3t84 b9
2015,Munich (14 - 15 August 2015),B,M,Alexey Rubtsov 2t11 4b12,Martin Stráník 1t1 3b4,Jongwon Chon 1t1 3b5
2015,Munich (14 - 15 August 2015),B,W,Shauna Coxsey 4t4 4b4,Fanny Gibert 3t3 4b7,Megan Mascarenas 3t4 4b5
2016,Meiringen (15 - 16 April 2016),B,M,Alexey Rubtsov,Martin Stráník,Jorg Verhoeven
2016,Meiringen (15 - 16 April 2016),B,W,Shauna Coxsey,Melissa Le Neve,Megan Mascarenas
2016,Kazo (23 - 24 April 2016),B,M,Rustam Gelmanov,Michael Piccolruaz,Kokoro Fujii
2016,Kazo (23 - 24 April 2016),B,W,Shauna Coxsey,Melissa Le Neve,Miho Nonaka
2016,Chongqing (30 April - 1 May 2016),B,M,Tomoa Narasaki,Jan Hojer,Jongwon Chon
2016,Chongqing (30 April - 1 May 2016),B,W,Shauna Coxsey,Akiyo Noguchi,Miho Nonaka
2016,Navi Mumbai (14 - 15 May 2016),B,M,Kokoro Fujii,Tomoa Narasaki,Alexey Rubtsov
2016,Navi Mumbai (14 - 15 May 2016),B,W,Miho Nonaka,Monika Retschy,Akiyo Noguchi
2016,Innsbruck (20 - 21 May 2016),B,M,Jongwon Chon,Tomoa Narasaki,Sean McColl
2016,Innsbruck (20 - 21 May 2016),B,W,Shauna Coxsey,Janja Garnbret,Miho Nonaka
2016,Vail (10 - 11 June 2016),B,M,Kokoro Fujii,Tomoa Narasaki,Alexey Rubtsov
2016,Vail (10 - 11 June 2016),B,W,Megan Mascarenas,Shauna Coxsey,Anna Stöhr
2016,Munich (12 - 13 August 2016),B,M,Tomoa Narasaki,Jongwon Chon,Alexey Rubtsov
2016,Munich (12 - 13 August 2016),B,W,Miho Nonaka,Shauna Coxsey,Akiyo Noguchi
2017,Meiringen (7–8 April),B,M,Kokoro Fujii,Alexey Rubtsov,Keita Watabe
2017,Meiringen (7–8 April),B,W,Shauna Coxsey,Katharina Saurwein,Miho Nonaka
2017,Chongqing (22–23 April),B,M,Jongwon Chon,Tomoa Narasaki,Alexey Rubtsov
2017,Chongqing (22–23 April),B,W,Janja Garnbret,Shauna Coxsey,Akiyo Noguchi
2017,Nanjing (29–30 April),B,M,Keita Watabe,Tomoa Narasaki,Jernej Kruder
2017,Nanjing (29–30 April),B,W,Shauna Coxsey,Janja Garnbret,Miho Nonaka
2017,Hachioji (6–7 May),B,M,Alexey Rubtsov,Tomoa Narasaki,Keita Watabe
2017,Hachioji (6–7 May),B,W,Janja Garnbret,Akiyo Noguchi,Miho Nonaka
2017,Vail (9–10 June),B,M,Jongwon Chon,Meichi Narasaki,Yoshiyuki Ogata
2017,Vail (9–10 June),B,W,Shauna Coxsey,Akiyo Noguchi,Miho Nonaka
2017,Navi Mumbai (24–25 June),B,M,Jongwon Chon,Rei Sugimoto,Alexey Rubtsov
2017,Navi Mumbai (24–25 June),B,W,Shauna Coxsey,Miho Nonaka,Akiyo Noguchi
2017,Munich (18–19 August),B,M,Jan Hojer,Tomoa Narasaki,Taisei Ishimatsu
2017,Munich (18–19 August),B,W,Janja Garnbret,Shauna Coxsey,Akiyo Noguchi
2018,Meiringen 13 – 14 April 2018,B,M,Jernej Kruder,Tomoa Narasaki,Alexey Rubtsov
2018,Meiringen 13 – 14 April 2018,B,W,Miho Nonaka,Janja Garnbret,Akiyo Noguchi
2018,Moscow 21 – 22 April 2018,B,M,Tomoa Narasaki,Jernej Kruder,Gregor Vezonik
2018,Moscow 21 – 22 April 2018,B,W,Janja Garnbret,Miho Nonaka,Akiyo Noguchi
2018,Chongqing 5 – 6 May 2018,B,M,Kokoro Fujii,Sean McColl,Alexey Rubtsov
2018,Chongqing 5 – 6 May 2018,B,W,Akiyo Noguchi,Miho Nonaka,Stasa Gejo
2018,Tai'an 12 – 13 May 2018,B,M,Alex Khazanov,Jernej Kruder,Gregor Vezonik
2018,Tai'an 12 – 13 May 2018,B,W,Akiyo Noguchi,Miho Nonaka,Fanny Gibert
2018,Hachioji 2 – 3 June 2018,B,M,Gabriele Moroni,Tomoa Narasaki,Rei Sugimoto
2018,Hachioji 2 – 3 June 2018,B,W,Akiyo Noguchi,Miho Nonaka,Ekaterina Kipriianova
2018,Vail 8 – 9 June 2018,B,M,Rei Sugimoto,Sean Bailey,Tomoa Narasaki
2018,Vail 8 – 9 June 2018,B,W,Alex Puccio,Miho Nonaka,Akiyo Noguchi
2018,Munich 17 – 18 August 2018,B,M,Gregor Vezonik,Jernej Kruder,Jakob Schubert
2018,Munich 17 – 18 August 2018,B,W,Janja Garnbret,Miho Nonaka,Akiyo Noguchi
2019,"Meiringen, SwitzerlandApril, 5–6",B,M,Adam Ondra 4T4z 10 9,Tomoa Narasaki 3T3z 7 6,Rei Sugimoto 2T3z 6 7
2019,"Meiringen, SwitzerlandApril, 5–6",B,W,Janja Garnbret 3T4z 6 6,Akiyo Noguchi 3T4z 9 12,Shauna Coxsey 2T3z 3 4
2019,"Moscow, RussiaApril, 12–14",B,M,Jernej Kruder 4T4z 8 6,Adam Ondra 3T4z 5 7,Yoshiyuki Ogata 3T3z 6 5
2019,"Moscow, RussiaApril, 12–14",B,W,Janja Garnbret 4T4z 4 4,Shauna Coxsey 4T4z 6 6,Fanny Gibert 4T4z 6 6
2019,"Chongqing, ChinaApril, 26–28",B,M,Manuel Cornu 3T4z 5 5,Tomoa Narasaki 3T4z 5 6,Anze Peharc 3T4z 10 10
2019,"Chongqing, ChinaApril, 26–28",B,W,Janja Garnbret 4T4z 8 6,Akiyo Noguchi 4T4z 12 9,Jessica Pilz 3T4z 8 11
2019,"Wujiang, ChinaMay, 3–5",B,M,Tomoa Narasaki 3T4z 7 8,Kai Harada 3T4z 7 13,Jakob Schubert 1T4z 2 9
2019,"Wujiang, ChinaMay, 3–5",B,W,Janja Garnbret 4T4z 5 4,Akiyo Noguchi 3T4z 4 5,Ai Mori 3T4z 11 9
2019,"Munich, GermanyMay, 18–19",B,M,Jakob Schubert 3T4z 7 8,Adam Ondra 3T3z 3 3,Jan Hojer 2T4z 4 14
2019,"Munich, GermanyMay, 18–19",B,W,Janja Garnbret 4T4z 5 5,Fanny Gibert 4T4z 8 7,Mia Krampl 3T3z 9 9
2019,"Vail, United StatesJune, 7–8",B,M,Yoshiyuki Ogata 4T4z 11 9,Tomoa Narasaki 3T4z 5 5,Jongwon Chon 3T4z 6 7
2019,"Vail, United StatesJune, 7–8",B,W,Janja Garnbret 4T4z 9 8,Akiyo Noguchi 3T4z 5 6,Fanny Gibert 2T4z 3 9
2021,"Meiringen, SwitzerlandApril, 16–18",B,M,Adam Ondra 3T3z 10 7,Yoshiyuki Ogata 2T4z 7 9,Tomoaki Takata 1T4z 4 12
2021,"Meiringen, SwitzerlandApril, 16–18",B,W,Janja Garnbret 4T4z 7 6,Oriane Bertone 2T4z 8 10,Natalia Grossman 2T4z 10 10
2021,"Salt Lake City, United StatesMay, 21-22[Note 1]",B,M,Adam Ondra 4T4z 8 7,Mejdi Schalck 3T4z 4 5,Jakob Schubert 3T3z 4 4
2021,"Salt Lake City, United StatesMay, 21-22[Note 1]",B,W,Natalia Grossman 4T4z 15 14,Oriane Bertone 3T4z 7 7,Brooke Raboutou 3T3z 4 3
2021,"Salt Lake City, United StatesMay, 28–30[Note 2]",B,M,Sean Bailey 2T4z 9 11,Kokoro Fujii 1T4z 9 12,Tomoa Narasaki 1T3z 1 3
2021,"Salt Lake City, United StatesMay, 28–30[Note 2]",B,W,Natalia Grossman 4T4z 4 4,Janja Garnbret 4T4z 6 6,Brooke Raboutou 3T4z 5 8
2021,"Innsbruck, AustriaJune, 23–26[Note 3]",B,M,Yoshiyuki Ogata 2T2z 7 7,Tomoa Narasaki 1T3z 2 11,Kokoro Fujii 1T1z 2 2
2021,"Innsbruck, AustriaJune, 23–26[Note 3]",B,W,Janja Garnbret 3T3z 3 3,Natalia Grossman 3T3z 9 9,Stasa Gejo 1T3z 2 6
2022,Meiringen 8–10 April,B,M,Tomoa Narasaki 2T3Z 3 6,Yoshiyuki Ogata 2T3Z 5 19,Mejdi Schalck 2T3Z 7 9
2022,Meiringen 8–10 April,B,W,Janja Garnbret 4T4Z 5 5,Natalia Grossman 3T4Z 8 16,Andrea Kümin 1T2Z 1 3
2022,Seoul 6–8 May,B,M,Kokoro Fujii 4T4Z 11 4,Tomoa Narasaki 4T4Z 12 8,Yoshiyuki Ogata 3T4Z 6 7
2022,Seoul 6–8 May,B,W,Natalia Grossman 4T4Z 7 5,Oriane Bertone 3T4Z 5 5,Brooke Raboutou 3T3Z 6 5
2022,Salt Lake City 20–22 May,B,M,Mejdi Schalck 4T4Z 9 6,Yoshiyuki Ogata 4T4Z 11 10,Rei Kawamata 3T4Z 14 12
2022,Salt Lake City 20–22 May,B,W,Natalia Grossman 4T4Z 9 9,Brooke Raboutou 3T4Z 5 14,Miho Nonaka 3T4Z 9 18
2022,Salt Lake City 27–29 May,B,M,Yoshiyuki Ogata 4T4Z 5 5,Anze Peharc 4T4Z 5 5,Kokoro Fujii 4T4Z 9 8
2022,Salt Lake City 27–29 May,B,W,Natalia Grossman 4T4Z 10 4,Miho Nonaka 3T4Z 5 5,Brooke Raboutou 3T4Z 6 4
2022,Brixen[Note 1] 10–12 June,B,M,Yannick Flohé 2T4Z 5 9,Maximillian Milne 2T3Z 6 9,Tomoa Narasaki 1T4Z 4 9
2022,Brixen[Note 1] 10–12 June,B,W,Natalia Grossman 4T4Z 6 5,Hannah Meul 4T4Z 6 6,Zhilu Luo 2T4Z 5 9
2022,Innsbruck 22–25 June,B,M,Colin Duffy 3T4Z 12 9,Lee Dohyun 2T4Z 10 12,Yoshiyuki Ogata 2T4Z 10 14
2022,Innsbruck 22–25 June,B,W,Natalia Grossman 4T4Z 5 5,Hannah Meul 4T4Z 7 6,Miho Nonaka 2T2Z 3 2
